method	expression	contract	identity_kind	source	targets	owner_plan	disposition
ConfigureRpcEndpoint	declaration:ConfigureRpcEndpoint	internal-control	configured-bootstrap	src/account/GeniusNode.hpp	genius_node_test	14-06	migrate
ConfigureRpcEndpoint	src/account/GeniusNode.cpp:ConfigureRpcEndpoint	internal-control	configured-bootstrap	src/account/GeniusNode.cpp	genius_node;genius_node_test	14-06	migrate
ConfigureRpcEndpoint	test/src/bridge_e2e/bridge_anvil_catchup_e2e_test.cpp:ConfigureRpcEndpoint	internal-control	configured-bootstrap	test/src/bridge_e2e/bridge_anvil_catchup_e2e_test.cpp	bridge_anvil_catchup_e2e_test	14-07	migrate
ConfigureRpcEndpoint	test/src/bridge_e2e/bridge_anvil_e2e_test.cpp:ConfigureRpcEndpoint	internal-control	configured-bootstrap	test/src/bridge_e2e/bridge_anvil_e2e_test.cpp	bridge_anvil_e2e_test	14-07	migrate
ConfigureRpcEndpoint	test/src/bridge_e2e/bridge_e2e_test.cpp:ConfigureRpcEndpoint	internal-control	configured-bootstrap	test/src/bridge_e2e/bridge_e2e_test.cpp	bridge_e2e_test	14-07	migrate
ConfigureRpcEndpoint	test/src/bridge_e2e/bridge_rlpx_e2e_test.cpp:ConfigureRpcEndpoint	internal-control	configured-bootstrap	test/src/bridge_e2e/bridge_rlpx_e2e_test.cpp	bridge_rlpx_e2e_test	14-07	migrate
ConfigureRpcEndpoint	test/src/bridge_e2e/bridge_sepolia_e2e_test.cpp:ConfigureRpcEndpoint	internal-control	configured-bootstrap	test/src/bridge_e2e/bridge_sepolia_e2e_test.cpp	bridge_sepolia_e2e_test	14-07	migrate
ConfigureRpcEndpoint	test/src/bridge_race/bridge_race_batch_test.cpp:ConfigureRpcEndpoint	internal-control	configured-bootstrap	test/src/bridge_race/bridge_race_batch_test.cpp	bridge_race_batch_test	14-11	migrate
ConfigureRpcEndpoint	test/src/bridge_race/bridge_race_fault_kill_test.cpp:ConfigureRpcEndpoint	internal-control	configured-bootstrap	test/src/bridge_race/bridge_race_fault_kill_test.cpp	bridge_race_fault_kill_test	14-11	migrate
ConfigureRpcEndpoint	test/src/bridge_race/bridge_race_fault_partition_test.cpp:ConfigureRpcEndpoint	internal-control	configured-bootstrap	test/src/bridge_race/bridge_race_fault_partition_test.cpp	bridge_race_fault_partition_test	14-11	migrate
ConfigureRpcEndpoint	test/src/bridge_race/bridge_race_fault_rpc_test.cpp:ConfigureRpcEndpoint	internal-control	configured-bootstrap	test/src/bridge_race/bridge_race_fault_rpc_test.cpp	bridge_race_fault_rpc_test	14-11	migrate
ConfigureRpcEndpoint	test/src/bridge_race/bridge_race_single_burn_test.cpp:ConfigureRpcEndpoint	internal-control	configured-bootstrap	test/src/bridge_race/bridge_race_single_burn_test.cpp	bridge_race_single_burn_test	14-11	migrate
CountTransactions	declaration:CountTransactions	active-ready	active-generation	src/account/GeniusNode.hpp	genius_node_test	14-06	migrate
CountTransactions	src/account/GeniusNode.cpp:CountTransactions	active-ready	active-generation	src/account/GeniusNode.cpp	genius_node;genius_node_test	14-06	migrate
CountTransactions	test/src/account/burnconfig_policy_e2e_test.cpp:CountTransactions	active-ready	active-generation	test/src/account/burnconfig_policy_e2e_test.cpp	burnconfig_policy_e2e_test	14-07	migrate
CountTransactions	test/src/multiaccount/multi_account_sync.cpp:CountTransactions	active-ready	active-generation	test/src/multiaccount/multi_account_sync.cpp	multi_account_test	14-09	migrate
CountTransactions	test/src/processing_nodes/processing_nodes_test.cpp:CountTransactions	active-ready	active-generation	test/src/processing_nodes/processing_nodes_test.cpp	processing_nodes_test	14-08	migrate
DeleteAccount	declaration:DeleteAccount	lifecycle-selection	active-generation	src/account/GeniusNode.hpp	genius_node_test	14-06	migrate
DeleteAccount	src/account/GeniusNode.cpp:DeleteAccount	lifecycle-selection	active-generation	src/account/GeniusNode.cpp	genius_node;genius_node_test	14-06	migrate
DeleteAccount	test/src/account/account_management_test.cpp:DeleteAccount	lifecycle-selection	active-generation	test/src/account/account_management_test.cpp	account_management_test	14-07	migrate
GetAddress	declaration:GetAddress	active-ready	active-generation	src/account/GeniusNode.hpp	genius_node_test	14-06	migrate
GetAddress	src/account/BurnConfig.cpp:GetAddress	active-ready	active-generation	src/account/BurnConfig.cpp	burnconfig	14-07	migrate
GetAddress	src/account/GeniusAccount.cpp:GetAddress	active-ready	active-generation	src/account/GeniusAccount.cpp	sgns_genius_account	14-07	migrate
GetAddress	src/account/GeniusNode.cpp:GetAddress	active-ready	active-generation	src/account/GeniusNode.cpp	genius_node;genius_node_test	14-06	migrate
GetAddress	src/account/TransactionManager.cpp:GetAddress	active-ready	active-generation	src/account/TransactionManager.cpp	genius_node;genius_node_test	14-07	migrate
GetAddress	src/blockchain/impl/Blockchain.cpp:GetAddress	active-ready	active-generation	src/blockchain/impl/Blockchain.cpp	blockchain_genesis	14-07	migrate
GetAddress	src/migration/Migration3_4_0To3_5_0.cpp:GetAddress	active-ready	active-generation	src/migration/Migration3_4_0To3_5_0.cpp	migration	14-07	migrate
GetAddress	src/migration/Migration3_6_0To3_7_0.cpp:GetAddress	active-ready	active-generation	src/migration/Migration3_6_0To3_7_0.cpp	migration	14-07	migrate
GetAddress	src/trustedpeer/genesis_tool/GenesisCeremony.cpp:GetAddress	active-ready	active-generation	src/trustedpeer/genesis_tool/GenesisCeremony.cpp	trustedpeer	14-07	migrate
GetAddress	test/src/account/account_management_test.cpp:GetAddress	active-ready	active-generation	test/src/account/account_management_test.cpp	account_management_test	14-07	migrate
GetAddress	test/src/account/account_signature_test.cpp:GetAddress	active-ready	active-generation	test/src/account/account_signature_test.cpp	account_signature_test	14-07	migrate
GetAddress	test/src/account/burnconfig_policy_e2e_test.cpp:GetAddress	active-ready	active-generation	test/src/account/burnconfig_policy_e2e_test.cpp	burnconfig_policy_e2e_test	14-07	migrate
GetAddress	test/src/account/burnconfig_test.cpp:GetAddress	active-ready	active-generation	test/src/account/burnconfig_test.cpp	burnconfig_test	14-07	migrate
GetAddress	test/src/account/network_config_precedence_test.cpp:GetAddress	active-ready	active-generation	test/src/account/network_config_precedence_test.cpp	network_config_precedence_test	14-07	migrate
GetAddress	test/src/account/node_type_derivation_test.cpp:GetAddress	active-ready	active-generation	test/src/account/node_type_derivation_test.cpp	node_type_derivation_test	14-07	migrate
GetAddress	test/src/account/transaction_manager_certificate_fallback_test.cpp:GetAddress	active-ready	active-generation	test/src/account/transaction_manager_certificate_fallback_test.cpp	header-consumer	14-07	migrate
GetAddress	test/src/account/transaction_manager_pending_lifecycle_test.cpp:GetAddress	active-ready	active-generation	test/src/account/transaction_manager_pending_lifecycle_test.cpp	transaction_manager_pending_lifecycle_test	14-07	migrate
GetAddress	test/src/account_creation/account_creation_test.cpp:GetAddress	active-ready	active-generation	test/src/account_creation/account_creation_test.cpp	account_creation_test	14-07	migrate
GetAddress	test/src/blockchain/blockchain_genesis_test.cpp:GetAddress	active-ready	active-generation	test/src/blockchain/blockchain_genesis_test.cpp	blockchain_genesis_test	14-07	migrate
GetAddress	test/src/blockchain/consensus_certificate_test.cpp:GetAddress	active-ready	active-generation	test/src/blockchain/consensus_certificate_test.cpp	header-consumer	14-07	migrate
GetAddress	test/src/blockchain/node_startup_test.cpp:GetAddress	active-ready	active-generation	test/src/blockchain/node_startup_test.cpp	node_startup_test	14-07	migrate
GetAddress	test/src/bridge_e2e/bridge_anvil_catchup_e2e_test.cpp:GetAddress	active-ready	active-generation	test/src/bridge_e2e/bridge_anvil_catchup_e2e_test.cpp	bridge_anvil_catchup_e2e_test	14-07	migrate
GetAddress	test/src/bridge_e2e/bridge_anvil_e2e_test.cpp:GetAddress	active-ready	active-generation	test/src/bridge_e2e/bridge_anvil_e2e_test.cpp	bridge_anvil_e2e_test	14-07	migrate
GetAddress	test/src/bridge_e2e/bridge_e2e_test.cpp:GetAddress	active-ready	active-generation	test/src/bridge_e2e/bridge_e2e_test.cpp	bridge_e2e_test	14-07	migrate
GetAddress	test/src/bridge_e2e/bridge_rlpx_e2e_test.cpp:GetAddress	active-ready	active-generation	test/src/bridge_e2e/bridge_rlpx_e2e_test.cpp	bridge_rlpx_e2e_test	14-07	migrate
GetAddress	test/src/bridge_e2e/bridge_sepolia_e2e_test.cpp:GetAddress	active-ready	active-generation	test/src/bridge_e2e/bridge_sepolia_e2e_test.cpp	bridge_sepolia_e2e_test	14-07	migrate
GetAddress	test/src/bridge_race/bridge_race_fixture.hpp:GetAddress	active-ready	active-generation	test/src/bridge_race/bridge_race_fixture.hpp	header-consumer	14-11	migrate
GetAddress	test/src/local_secure_storage/json_migration_test.cpp:GetAddress	active-ready	active-generation	test/src/local_secure_storage/json_migration_test.cpp	json_migration_test	14-07	migrate
GetAddress	test/src/multiaccount/multi_account_sync.cpp:GetAddress	active-ready	active-generation	test/src/multiaccount/multi_account_sync.cpp	multi_account_test	14-09	migrate
GetAddress	test/src/multiaccount/policy_lifetime_multi_account_test.cpp:GetAddress	active-ready	active-generation	test/src/multiaccount/policy_lifetime_multi_account_test.cpp	policy_lifetime_multi_account_test	14-09	migrate
GetAddress	test/src/multisig/multisig_quorum_test.cpp:GetAddress	active-ready	active-generation	test/src/multisig/multisig_quorum_test.cpp	multisig_quorum_test	14-07	migrate
GetAddress	test/src/multisig/multisig_verify_test.cpp:GetAddress	active-ready	active-generation	test/src/multisig/multisig_verify_test.cpp	multisig_verify_test	14-07	migrate
GetAddress	test/src/node/node_initialization_progress.cpp:GetAddress	active-ready	active-generation	test/src/node/node_initialization_progress.cpp	node_initialization_progress	14-07	migrate
GetAddress	test/src/processing_nodes/child_tokens_test.cpp:GetAddress	active-ready	active-generation	test/src/processing_nodes/child_tokens_test.cpp	child_tokens_test	14-08	migrate
GetAddress	test/src/processing_nodes/full_node_test.cpp:GetAddress	active-ready	active-generation	test/src/processing_nodes/full_node_test.cpp	full_node_test	14-08	migrate
GetAddress	test/src/processing_nodes/processing_nodes_test.cpp:GetAddress	active-ready	active-generation	test/src/processing_nodes/processing_nodes_test.cpp	processing_nodes_test	14-08	migrate
GetAddress	test/src/securecrdt/securecrdt_candidate_race_test.cpp:GetAddress	active-ready	active-generation	test/src/securecrdt/securecrdt_candidate_race_test.cpp	securecrdt_candidate_race_test	14-07	migrate
GetAddress	test/src/securecrdt/securecrdt_candidate_test.cpp:GetAddress	active-ready	active-generation	test/src/securecrdt/securecrdt_candidate_test.cpp	securecrdt_candidate_test	14-07	migrate
GetAddress	test/src/securecrdt/securecrdt_propose_sign_quorum_test.cpp:GetAddress	active-ready	active-generation	test/src/securecrdt/securecrdt_propose_sign_quorum_test.cpp	securecrdt_propose_sign_quorum_test	14-07	migrate
GetAddress	test/src/securecrdt/securecrdt_quorum_contract_e2e_test.cpp:GetAddress	active-ready	active-generation	test/src/securecrdt/securecrdt_quorum_contract_e2e_test.cpp	securecrdt_quorum_contract_e2e_test	14-07	migrate
GetAddress	test/src/securecrdt/securecrdt_quorum_fixture.hpp:GetAddress	active-ready	active-generation	test/src/securecrdt/securecrdt_quorum_fixture.hpp	header-consumer	14-07	migrate
GetAddress	test/src/securecrdt/securecrdt_quorum_gate_test.cpp:GetAddress	active-ready	active-generation	test/src/securecrdt/securecrdt_quorum_gate_test.cpp	securecrdt_quorum_gate_test	14-07	migrate
GetAddress	test/src/startup/trust_first_boot_e2e_test.cpp:GetAddress	active-ready	active-generation	test/src/startup/trust_first_boot_e2e_test.cpp	trust_first_boot_e2e_test	14-07	migrate
GetAddress	test/src/startup/trust_restart_test.cpp:GetAddress	active-ready	active-generation	test/src/startup/trust_restart_test.cpp	trust_restart_test	14-07	migrate
GetAddress	test/src/startup/trust_tamper_e2e_test.cpp:GetAddress	active-ready	active-generation	test/src/startup/trust_tamper_e2e_test.cpp	trust_tamper_e2e_test	14-07	migrate
GetAddress	test/src/transaction_sync/genius_node_bootstrap_reconnect_test.cpp:GetAddress	active-ready	active-generation	test/src/transaction_sync/genius_node_bootstrap_reconnect_test.cpp	genius_node_bootstrap_reconnect_test	14-08	migrate
GetAddress	test/src/transaction_sync/migration_sync_test.cpp:GetAddress	active-ready	active-generation	test/src/transaction_sync/migration_sync_test.cpp	migration_sync_test	14-08	migrate
GetAddress	test/src/transaction_sync/transaction_crash_test.cpp:GetAddress	active-ready	active-generation	test/src/transaction_sync/transaction_crash_test.cpp	transaction_crash_test	14-08	migrate
GetAddress	test/src/transaction_sync/transaction_sync_test.cpp:GetAddress	active-ready	active-generation	test/src/transaction_sync/transaction_sync_test.cpp	transaction_sync_test	14-08	migrate
GetAddress	test/src/trustedpeer/genesis_ceremony_helper.hpp:GetAddress	active-ready	active-generation	test/src/trustedpeer/genesis_ceremony_helper.hpp	header-consumer	14-07	migrate
GetAddress	test/src/trustedpeer/operator_approval_test.cpp:GetAddress	active-ready	active-generation	test/src/trustedpeer/operator_approval_test.cpp	operator_approval_test	14-07	migrate
GetAddress	test/src/trustedpeer/quorum_policy_test.cpp:GetAddress	active-ready	active-generation	test/src/trustedpeer/quorum_policy_test.cpp	quorum_policy_test	14-07	migrate
GetAddress	test/src/trustedpeer/trust_genesis_tool_test.cpp:GetAddress	active-ready	active-generation	test/src/trustedpeer/trust_genesis_tool_test.cpp	trust_genesis_tool_test	14-07	migrate
GetAddress	test/src/trustedpeer/trust_state_store_test.cpp:GetAddress	active-ready	active-generation	test/src/trustedpeer/trust_state_store_test.cpp	trust_state_store_test	14-07	migrate
GetAddress	test/src/trustedpeer/trustedpeerregistry_quorum_test.cpp:GetAddress	active-ready	active-generation	test/src/trustedpeer/trustedpeerregistry_quorum_test.cpp	trustedpeerregistry_quorum_test	14-07	migrate
GetAddress	test/testutil/genius_node_test_access.hpp:GetAddress	active-ready	active-generation	test/testutil/genius_node_test_access.hpp	header-consumer	14-07	migrate
GetBalance	declaration:GetBalance	active-ready	active-generation	src/account/GeniusNode.hpp	genius_node_test	14-06	migrate
GetBalance	src/account/GeniusNode.cpp:GetBalance	active-ready	active-generation	src/account/GeniusNode.cpp	genius_node;genius_node_test	14-06	migrate
GetBalance	src/account/TransactionManager.cpp:GetBalance	active-ready	active-generation	src/account/TransactionManager.cpp	genius_node;genius_node_test	14-07	migrate
GetBalance	test/src/account/account_management_test.cpp:GetBalance	active-ready	active-generation	test/src/account/account_management_test.cpp	account_management_test	14-07	migrate
GetBalance	test/src/account/transaction_manager_pending_lifecycle_test.cpp:GetBalance	active-ready	active-generation	test/src/account/transaction_manager_pending_lifecycle_test.cpp	transaction_manager_pending_lifecycle_test	14-07	migrate
GetBalance	test/src/account/utxo_manager_test.cpp:GetBalance	active-ready	active-generation	test/src/account/utxo_manager_test.cpp	utxo_manager_test	14-07	migrate
GetBalance	test/src/blockchain/blockchain_genesis_test.cpp:GetBalance	active-ready	active-generation	test/src/blockchain/blockchain_genesis_test.cpp	blockchain_genesis_test	14-07	migrate
GetBalance	test/src/bridge_e2e/bridge_anvil_catchup_e2e_test.cpp:GetBalance	active-ready	active-generation	test/src/bridge_e2e/bridge_anvil_catchup_e2e_test.cpp	bridge_anvil_catchup_e2e_test	14-07	migrate
GetBalance	test/src/bridge_e2e/bridge_anvil_e2e_test.cpp:GetBalance	active-ready	active-generation	test/src/bridge_e2e/bridge_anvil_e2e_test.cpp	bridge_anvil_e2e_test	14-07	migrate
GetBalance	test/src/bridge_e2e/bridge_e2e_test.cpp:GetBalance	active-ready	active-generation	test/src/bridge_e2e/bridge_e2e_test.cpp	bridge_e2e_test	14-07	migrate
GetBalance	test/src/bridge_e2e/bridge_rlpx_e2e_test.cpp:GetBalance	active-ready	active-generation	test/src/bridge_e2e/bridge_rlpx_e2e_test.cpp	bridge_rlpx_e2e_test	14-07	migrate
GetBalance	test/src/bridge_e2e/bridge_sepolia_e2e_test.cpp:GetBalance	active-ready	active-generation	test/src/bridge_e2e/bridge_sepolia_e2e_test.cpp	bridge_sepolia_e2e_test	14-07	migrate
GetBalance	test/src/bridge_race/bridge_race_batch_test.cpp:GetBalance	active-ready	active-generation	test/src/bridge_race/bridge_race_batch_test.cpp	bridge_race_batch_test	14-11	migrate
GetBalance	test/src/bridge_race/bridge_race_fault_kill_test.cpp:GetBalance	active-ready	active-generation	test/src/bridge_race/bridge_race_fault_kill_test.cpp	bridge_race_fault_kill_test	14-11	migrate
GetBalance	test/src/bridge_race/bridge_race_fault_partition_test.cpp:GetBalance	active-ready	active-generation	test/src/bridge_race/bridge_race_fault_partition_test.cpp	bridge_race_fault_partition_test	14-11	migrate
GetBalance	test/src/bridge_race/bridge_race_fault_rpc_test.cpp:GetBalance	active-ready	active-generation	test/src/bridge_race/bridge_race_fault_rpc_test.cpp	bridge_race_fault_rpc_test	14-11	migrate
GetBalance	test/src/bridge_race/bridge_race_single_burn_test.cpp:GetBalance	active-ready	active-generation	test/src/bridge_race/bridge_race_single_burn_test.cpp	bridge_race_single_burn_test	14-11	migrate
GetBalance	test/src/multiaccount/multi_account_sync.cpp:GetBalance	active-ready	active-generation	test/src/multiaccount/multi_account_sync.cpp	multi_account_test	14-09	migrate
GetBalance	test/src/processing_multi/processing_multi_test.cpp:GetBalance	active-ready	active-generation	test/src/processing_multi/processing_multi_test.cpp	header-consumer	14-12	migrate
GetBalance	test/src/processing_nodes/child_tokens_test.cpp:GetBalance	active-ready	active-generation	test/src/processing_nodes/child_tokens_test.cpp	child_tokens_test	14-08	migrate
GetBalance	test/src/processing_nodes/full_node_test.cpp:GetBalance	active-ready	active-generation	test/src/processing_nodes/full_node_test.cpp	full_node_test	14-08	migrate
GetBalance	test/src/processing_nodes/processing_nodes_test.cpp:GetBalance	active-ready	active-generation	test/src/processing_nodes/processing_nodes_test.cpp	processing_nodes_test	14-08	migrate
GetBalance	test/src/transaction_sync/migration_sync_test.cpp:GetBalance	active-ready	active-generation	test/src/transaction_sync/migration_sync_test.cpp	migration_sync_test	14-08	migrate
GetBalance	test/src/transaction_sync/transaction_crash_test.cpp:GetBalance	active-ready	active-generation	test/src/transaction_sync/transaction_crash_test.cpp	transaction_crash_test	14-08	migrate
GetBalance	test/src/transaction_sync/transaction_sync_test.cpp:GetBalance	active-ready	active-generation	test/src/transaction_sync/transaction_sync_test.cpp	transaction_sync_test	14-08	migrate
GetInTransactions	declaration:GetInTransactions	active-ready	active-generation	src/account/GeniusNode.hpp	genius_node_test	14-06	migrate
GetInTransactions	src/account/GeniusNode.cpp:GetInTransactions	active-ready	active-generation	src/account/GeniusNode.cpp	genius_node;genius_node_test	14-06	migrate
GetMnemonicOfActiveAccount	declaration:GetMnemonicOfActiveAccount	active-ready	active-generation	src/account/GeniusNode.hpp	genius_node_test	14-06	migrate
GetMnemonicOfActiveAccount	src/account/GeniusNode.cpp:GetMnemonicOfActiveAccount	active-ready	active-generation	src/account/GeniusNode.cpp	genius_node;genius_node_test	14-06	migrate
GetOutTransactions	declaration:GetOutTransactions	active-ready	active-generation	src/account/GeniusNode.hpp	genius_node_test	14-06	migrate
GetOutTransactions	src/account/GeniusNode.cpp:GetOutTransactions	active-ready	active-generation	src/account/GeniusNode.cpp	genius_node;genius_node_test	14-06	migrate
GetOutTransactions	test/src/account/burnconfig_policy_e2e_test.cpp:GetOutTransactions	active-ready	active-generation	test/src/account/burnconfig_policy_e2e_test.cpp	burnconfig_policy_e2e_test	14-07	migrate
GetOutTransactions	test/src/account/transaction_manager_pending_lifecycle_test.cpp:GetOutTransactions	active-ready	active-generation	test/src/account/transaction_manager_pending_lifecycle_test.cpp	transaction_manager_pending_lifecycle_test	14-07	migrate
GetOutTransactions	test/src/multiaccount/policy_lifetime_multi_account_test.cpp:GetOutTransactions	active-ready	active-generation	test/src/multiaccount/policy_lifetime_multi_account_test.cpp	policy_lifetime_multi_account_test	14-09	migrate
GetProcessingStatus	declaration:GetProcessingStatus	processing-generation	active-generation	src/account/GeniusNode.hpp	genius_node_test	14-06	migrate
GetProcessingStatus	src/account/GeniusNode.cpp:GetProcessingStatus	processing-generation	active-generation	src/account/GeniusNode.cpp	genius_node;genius_node_test	14-06	migrate
GetTransactionManager	declaration:GetTransactionManager	active-ready	active-generation	src/account/GeniusNode.hpp	genius_node_test	14-06	migrate
GetTransactionManager	src/account/GeniusNode.cpp:GetTransactionManager	active-ready	active-generation	src/account/GeniusNode.cpp	genius_node;genius_node_test	14-06	migrate
GetTransactionManager	test/src/bridge_e2e/bridge_rlpx_e2e_test.cpp:GetTransactionManager	active-ready	active-generation	test/src/bridge_e2e/bridge_rlpx_e2e_test.cpp	bridge_rlpx_e2e_test	14-07	migrate
GetTransactionManager	test/src/bridge_race/bridge_race_fault_rpc_test.cpp:GetTransactionManager	active-ready	active-generation	test/src/bridge_race/bridge_race_fault_rpc_test.cpp	bridge_race_fault_rpc_test	14-11	migrate
GetTransactionManager	test/src/multiaccount/multi_account_sync.cpp:GetTransactionManager	active-ready	active-generation	test/src/multiaccount/multi_account_sync.cpp	multi_account_test	14-09	migrate
GetTransactionManagerState	declaration:GetTransactionManagerState	active-ready	active-generation	src/account/GeniusNode.hpp	genius_node_test	14-06	migrate
GetTransactionManagerState	src/account/GeniusNode.cpp:GetTransactionManagerState	active-ready	active-generation	src/account/GeniusNode.cpp	genius_node;genius_node_test	14-06	migrate
GetTransactionStatus	declaration:GetTransactionStatus	active-ready	active-generation	src/account/GeniusNode.hpp	genius_node_test	14-06	migrate
GetTransactionStatus	src/account/GeniusNode.cpp:GetTransactionStatus	active-ready	active-generation	src/account/GeniusNode.cpp	genius_node;genius_node_test	14-06	migrate
GetTransactionStatus	test/src/multiaccount/multi_account_sync.cpp:GetTransactionStatus	active-ready	active-generation	test/src/multiaccount/multi_account_sync.cpp	multi_account_test	14-09	migrate
IsFinalized	declaration:IsFinalized	active-ready	active-generation	src/account/GeniusNode.hpp	genius_node_test	14-06	migrate
IsFinalized	src/account/GeniusNode.cpp:IsFinalized	active-ready	active-generation	src/account/GeniusNode.cpp	genius_node;genius_node_test	14-06	migrate
MergeAccount	declaration:MergeAccount	lifecycle-selection	active-generation	src/account/GeniusNode.hpp	genius_node_test	14-06	migrate
MergeAccount	src/account/GeniusNode.cpp:MergeAccount	lifecycle-selection	active-generation	src/account/GeniusNode.cpp	genius_node;genius_node_test	14-06	migrate
MintTokens	declaration:MintTokens	active-ready	active-generation	src/account/GeniusNode.hpp	genius_node_test	14-06	migrate
MintTokens	src/account/GeniusNode.cpp:MintTokens	active-ready	active-generation	src/account/GeniusNode.cpp	genius_node;genius_node_test	14-06	migrate
MintTokens	test/src/account/account_management_test.cpp:MintTokens	active-ready	active-generation	test/src/account/account_management_test.cpp	account_management_test	14-07	migrate
MintTokens	test/src/blockchain/blockchain_genesis_test.cpp:MintTokens	active-ready	active-generation	test/src/blockchain/blockchain_genesis_test.cpp	blockchain_genesis_test	14-07	migrate
MintTokens	test/src/bridge_e2e/bridge_anvil_e2e_test.cpp:MintTokens	active-ready	active-generation	test/src/bridge_e2e/bridge_anvil_e2e_test.cpp	bridge_anvil_e2e_test	14-07	migrate
MintTokens	test/src/bridge_e2e/bridge_sepolia_e2e_test.cpp:MintTokens	active-ready	active-generation	test/src/bridge_e2e/bridge_sepolia_e2e_test.cpp	bridge_sepolia_e2e_test	14-07	migrate
MintTokens	test/src/multiaccount/multi_account_sync.cpp:MintTokens	active-ready	active-generation	test/src/multiaccount/multi_account_sync.cpp	multi_account_test	14-09	migrate
MintTokens	test/src/processing_multi/processing_multi_test.cpp:MintTokens	active-ready	active-generation	test/src/processing_multi/processing_multi_test.cpp	header-consumer	14-12	migrate
MintTokens	test/src/processing_nodes/child_tokens_test.cpp:MintTokens	active-ready	active-generation	test/src/processing_nodes/child_tokens_test.cpp	child_tokens_test	14-08	migrate
MintTokens	test/src/processing_nodes/full_node_test.cpp:MintTokens	active-ready	active-generation	test/src/processing_nodes/full_node_test.cpp	full_node_test	14-08	migrate
MintTokens	test/src/processing_nodes/processing_nodes_test.cpp:MintTokens	active-ready	active-generation	test/src/processing_nodes/processing_nodes_test.cpp	processing_nodes_test	14-08	migrate
MintTokens	test/src/transaction_sync/transaction_crash_test.cpp:MintTokens	active-ready	active-generation	test/src/transaction_sync/transaction_crash_test.cpp	transaction_crash_test	14-08	migrate
MintTokens	test/src/transaction_sync/transaction_sync_test.cpp:MintTokens	active-ready	active-generation	test/src/transaction_sync/transaction_sync_test.cpp	transaction_sync_test	14-08	migrate
PayDev	declaration:PayDev	active-ready	active-generation	src/account/GeniusNode.hpp	genius_node_test	14-06	migrate
PayDev	src/account/GeniusNode.cpp:PayDev	active-ready	active-generation	src/account/GeniusNode.cpp	genius_node;genius_node_test	14-06	migrate
ProcessImage	declaration:ProcessImage	active-ready	active-generation	src/account/GeniusNode.hpp	genius_node_test	14-06	migrate
ProcessImage	src/account/GeniusNode.cpp:ProcessImage	active-ready	active-generation	src/account/GeniusNode.cpp	genius_node;genius_node_test	14-06	migrate
ResetProcessingMembers	declaration:ResetProcessingMembers	processing-generation	active-generation	src/account/GeniusNode.hpp	genius_node_test	14-06	migrate
ResetProcessingMembers	src/account/GeniusNode.cpp:ResetProcessingMembers	processing-generation	active-generation	src/account/GeniusNode.cpp	genius_node;genius_node_test	14-06	migrate
SelectAccount	declaration:SelectAccount	lifecycle-selection	active-generation	src/account/GeniusNode.hpp	genius_node_test	14-06	migrate
SelectAccount	src/account/GeniusNode.cpp:SelectAccount	lifecycle-selection	active-generation	src/account/GeniusNode.cpp	genius_node;genius_node_test	14-06	migrate
SelectAccount	test/src/account/account_management_test.cpp:SelectAccount	lifecycle-selection	active-generation	test/src/account/account_management_test.cpp	account_management_test	14-07	migrate
SelectAccount	test/src/multiaccount/multi_account_sync.cpp:SelectAccount	lifecycle-selection	active-generation	test/src/multiaccount/multi_account_sync.cpp	multi_account_test	14-09	migrate
SelectAccount	test/src/multiaccount/policy_lifetime_multi_account_test.cpp:SelectAccount	lifecycle-selection	active-generation	test/src/multiaccount/policy_lifetime_multi_account_test.cpp	policy_lifetime_multi_account_test	14-09	migrate
SendTransactionAndProof	declaration:SendTransactionAndProof	internal-control	configured-bootstrap	src/account/GeniusNode.hpp	genius_node_test	14-06	migrate
SendTransactionAndProof	src/account/GeniusNode.cpp:SendTransactionAndProof	internal-control	configured-bootstrap	src/account/GeniusNode.cpp	genius_node;genius_node_test	14-06	migrate
SendTransactionAndProof	test/src/transaction_sync/transaction_sync_test.cpp:SendTransactionAndProof	internal-control	configured-bootstrap	test/src/transaction_sync/transaction_sync_test.cpp	transaction_sync_test	14-08	migrate
SetPayoutAddress	declaration:SetPayoutAddress	active-ready	active-generation	src/account/GeniusNode.hpp	genius_node_test	14-06	migrate
SetPayoutAddress	src/account/GeniusNode.cpp:SetPayoutAddress	active-ready	active-generation	src/account/GeniusNode.cpp	genius_node;genius_node_test	14-06	migrate
SetPayoutAddress	test/src/account/account_management_test.cpp:SetPayoutAddress	active-ready	active-generation	test/src/account/account_management_test.cpp	account_management_test	14-07	migrate
StartProcessing	declaration:StartProcessing	processing-generation	active-generation	src/account/GeniusNode.hpp	genius_node_test	14-06	migrate
StartProcessing	example/processing_room/processing_app.cpp:StartProcessing	processing-generation	active-generation	example/processing_room/processing_app.cpp	processing_app	14-08	migrate
StartProcessing	src/account/GeniusNode.cpp:StartProcessing	processing-generation	active-generation	src/account/GeniusNode.cpp	genius_node;genius_node_test	14-06	migrate
StartProcessing	test/src/processing/processing_service_test.cpp:StartProcessing	processing-generation	active-generation	test/src/processing/processing_service_test.cpp	header-consumer	14-08	migrate
StopProcessing	declaration:StopProcessing	processing-generation	active-generation	src/account/GeniusNode.hpp	genius_node_test	14-06	migrate
StopProcessing	src/account/GeniusNode.cpp:StopProcessing	processing-generation	active-generation	src/account/GeniusNode.cpp	genius_node;genius_node_test	14-06	migrate
StopProcessing	test/src/processing/processing_result_durability_test.cpp:StopProcessing	processing-generation	active-generation	test/src/processing/processing_result_durability_test.cpp	processing_result_durability_test	14-08	migrate
StopProcessing	test/src/processing/processing_service_test.cpp:StopProcessing	processing-generation	active-generation	test/src/processing/processing_service_test.cpp	header-consumer	14-08	migrate
StopProcessing	test/src/processing/processing_service_test_base.cpp:StopProcessing	processing-generation	active-generation	test/src/processing/processing_service_test_base.cpp	processing_result_durability_test;processing_validate_result_data_test	14-08	migrate
StopProcessing	test/src/processing_multi/processing_multi_test.cpp:StopProcessing	processing-generation	active-generation	test/src/processing_multi/processing_multi_test.cpp	header-consumer	14-12	migrate
TransferAccount	declaration:TransferAccount	lifecycle-selection	active-generation	src/account/GeniusNode.hpp	genius_node_test	14-06	migrate
TransferAccount	src/account/GeniusNode.cpp:TransferAccount	lifecycle-selection	active-generation	src/account/GeniusNode.cpp	genius_node;genius_node_test	14-06	migrate
TransferAccount	test/src/account/account_management_test.cpp:TransferAccount	lifecycle-selection	active-generation	test/src/account/account_management_test.cpp	account_management_test	14-07	migrate
TransferFunds	declaration:TransferFunds	active-ready	active-generation	src/account/GeniusNode.hpp	genius_node_test	14-06	migrate
TransferFunds	src/account/GeniusNode.cpp:TransferFunds	active-ready	active-generation	src/account/GeniusNode.cpp	genius_node;genius_node_test	14-06	migrate
TransferFunds	test/src/blockchain/blockchain_genesis_test.cpp:TransferFunds	active-ready	active-generation	test/src/blockchain/blockchain_genesis_test.cpp	blockchain_genesis_test	14-07	migrate
TransferFunds	test/src/multiaccount/multi_account_sync.cpp:TransferFunds	active-ready	active-generation	test/src/multiaccount/multi_account_sync.cpp	multi_account_test	14-09	migrate
TransferFunds	test/src/processing_nodes/child_tokens_test.cpp:TransferFunds	active-ready	active-generation	test/src/processing_nodes/child_tokens_test.cpp	child_tokens_test	14-08	migrate
TransferFunds	test/src/transaction_sync/transaction_crash_test.cpp:TransferFunds	active-ready	active-generation	test/src/transaction_sync/transaction_crash_test.cpp	transaction_crash_test	14-08	migrate
TransferFunds	test/src/transaction_sync/transaction_sync_test.cpp:TransferFunds	active-ready	active-generation	test/src/transaction_sync/transaction_sync_test.cpp	transaction_sync_test	14-08	migrate
WaitForEscrowRelease	declaration:WaitForEscrowRelease	active-ready	active-generation	src/account/GeniusNode.hpp	genius_node_test	14-06	migrate
WaitForEscrowRelease	src/account/GeniusNode.cpp:WaitForEscrowRelease	active-ready	active-generation	src/account/GeniusNode.cpp	genius_node;genius_node_test	14-06	migrate
WaitForFinalized	declaration:WaitForFinalized	active-ready	active-generation	src/account/GeniusNode.hpp	genius_node_test	14-06	migrate
WaitForFinalized	src/account/GeniusNode.cpp:WaitForFinalized	active-ready	active-generation	src/account/GeniusNode.cpp	genius_node;genius_node_test	14-06	migrate
WaitForTransactionIncoming	declaration:WaitForTransactionIncoming	active-ready	active-generation	src/account/GeniusNode.hpp	genius_node_test	14-06	migrate
WaitForTransactionIncoming	src/account/GeniusNode.cpp:WaitForTransactionIncoming	active-ready	active-generation	src/account/GeniusNode.cpp	genius_node;genius_node_test	14-06	migrate
WaitForTransactionIncoming	test/src/blockchain/blockchain_genesis_test.cpp:WaitForTransactionIncoming	active-ready	active-generation	test/src/blockchain/blockchain_genesis_test.cpp	blockchain_genesis_test	14-07	migrate
WaitForTransactionIncoming	test/src/multiaccount/multi_account_sync.cpp:WaitForTransactionIncoming	active-ready	active-generation	test/src/multiaccount/multi_account_sync.cpp	multi_account_test	14-09	migrate
WaitForTransactionIncoming	test/src/processing_nodes/child_tokens_test.cpp:WaitForTransactionIncoming	active-ready	active-generation	test/src/processing_nodes/child_tokens_test.cpp	child_tokens_test	14-08	migrate
WaitForTransactionIncoming	test/src/transaction_sync/transaction_crash_test.cpp:WaitForTransactionIncoming	active-ready	active-generation	test/src/transaction_sync/transaction_crash_test.cpp	transaction_crash_test	14-08	migrate
WaitForTransactionIncoming	test/src/transaction_sync/transaction_sync_test.cpp:WaitForTransactionIncoming	active-ready	active-generation	test/src/transaction_sync/transaction_sync_test.cpp	transaction_sync_test	14-08	migrate
WaitForTransactionOutgoing	declaration:WaitForTransactionOutgoing	active-ready	active-generation	src/account/GeniusNode.hpp	genius_node_test	14-06	migrate
WaitForTransactionOutgoing	src/account/GeniusNode.cpp:WaitForTransactionOutgoing	active-ready	active-generation	src/account/GeniusNode.cpp	genius_node;genius_node_test	14-06	migrate
WaitForTransactionOutgoing	src/migration/Migration3_6_0To3_7_0.cpp:WaitForTransactionOutgoing	active-ready	active-generation	src/migration/Migration3_6_0To3_7_0.cpp	migration	14-07	migrate
WaitForTransactionOutgoing	test/src/transaction_sync/transaction_sync_test.cpp:WaitForTransactionOutgoing	active-ready	active-generation	test/src/transaction_sync/transaction_sync_test.cpp	transaction_sync_test	14-08	migrate
