method	expression	source	targets	owner_plan	disposition
MintFunds	MintFunds@346	src/account/BridgeRelayer.cpp	genius_node,genius_node_test	14-03	migrated
AsyncPayEscrow	AsyncPayEscrow@3167	src/account/GeniusNode.cpp	genius_node,genius_node_test	14-03	migrated
CountTransactions	CountTransactions@3392	src/account/GeniusNode.cpp	genius_node,genius_node_test	14-03	migrated
GetOutTransactions	GetOutTransactions@3382	src/account/GeniusNode.cpp	genius_node,genius_node_test	14-03	migrated
GetState	GetState@2858	src/account/GeniusNode.cpp	genius_node,genius_node_test	14-03	migrated
GetState	GetState@3008	src/account/GeniusNode.cpp	genius_node,genius_node_test	14-03	migrated
GetState	GetState@3627	src/account/GeniusNode.cpp	genius_node,genius_node_test	14-03	migrated
GetState	GetState@3694	src/account/GeniusNode.cpp	genius_node,genius_node_test	14-03	migrated
GetState	GetState@956	src/account/GeniusNode.cpp	genius_node,genius_node_test	14-03	migrated
GetTransactionStatusByTxId	GetTransactionStatusByTxId@3955	src/account/GeniusNode.cpp	genius_node,genius_node_test	14-03	migrated
HoldEscrow	HoldEscrow@2736	src/account/GeniusNode.cpp	genius_node,genius_node_test	14-03	migrated
MintFunds	MintFunds@2869	src/account/GeniusNode.cpp	genius_node,genius_node_test	14-03	migrated
RegisterStateChangeCallback	RegisterStateChangeCallback@1034	src/account/GeniusNode.cpp	genius_node,genius_node_test	14-03	migrated
Start	Start@1055	src/account/GeniusNode.cpp	genius_node,genius_node_test	14-03	migrated
Start	Start@1716	src/account/GeniusNode.cpp	genius_node,genius_node_test	14-03	migrated
Start	Start@1880	src/account/GeniusNode.cpp	genius_node,genius_node_test	14-03	migrated
Start	Start@2425	src/account/GeniusNode.cpp	genius_node,genius_node_test	14-03	migrated
Start	Start@3994	src/account/GeniusNode.cpp	genius_node,genius_node_test	14-03	migrated
Start	Start@758	src/account/GeniusNode.cpp	genius_node,genius_node_test	14-03	migrated
Stop	Stop@1723	src/account/GeniusNode.cpp	genius_node,genius_node_test	14-03	migrated
Stop	Stop@1735	src/account/GeniusNode.cpp	genius_node,genius_node_test	14-03	migrated
Stop	Stop@1757	src/account/GeniusNode.cpp	genius_node,genius_node_test	14-03	migrated
Stop	Stop@2000	src/account/GeniusNode.cpp	genius_node,genius_node_test	14-03	migrated
Stop	Stop@2011	src/account/GeniusNode.cpp	genius_node,genius_node_test	14-03	migrated
Stop	Stop@2049	src/account/GeniusNode.cpp	genius_node,genius_node_test	14-03	migrated
Stop	Stop@2226	src/account/GeniusNode.cpp	genius_node,genius_node_test	14-03	migrated
SubmitTransaction	SubmitTransaction@3634	src/account/GeniusNode.cpp	genius_node,genius_node_test	14-03	migrated
TransferFunds	TransferFunds@3024	src/account/GeniusNode.cpp	genius_node,genius_node_test	14-03	migrated
WaitForTransactionIncoming	WaitForTransactionIncoming@3583	src/account/GeniusNode.cpp	genius_node,genius_node_test	14-03	migrated
WaitForTransactionOutgoing	WaitForTransactionOutgoing@3571	src/account/GeniusNode.cpp	genius_node,genius_node_test	14-03	migrated
GetState	GetState@302	src/migration/Migration3_6_0To3_7_0.cpp	migration	14-03	migrated
GetState	GetState@308	src/migration/Migration3_6_0To3_7_0.cpp	migration	14-03	migrated
MigrationFunds	MigrationFunds@321	src/migration/Migration3_6_0To3_7_0.cpp	migration	14-03	migrated
RegisterTopicNames	RegisterTopicNames@295	src/migration/Migration3_6_0To3_7_0.cpp	migration	14-03	migrated
Start	Start@191	src/migration/Migration3_6_0To3_7_0.cpp	migration	14-03	migrated
StartCore	StartCore@297	src/migration/Migration3_6_0To3_7_0.cpp	migration	14-03	migrated
Stop	Stop@356	src/migration/Migration3_6_0To3_7_0.cpp	migration	14-03	migrated
Stop	Stop@361	src/migration/Migration3_6_0To3_7_0.cpp	migration	14-03	migrated
WaitForTransactionOutgoing	WaitForTransactionOutgoing@327	src/migration/Migration3_6_0To3_7_0.cpp	migration	14-03	migrated
CountTransactions	CountTransactions@253	test/src/account/burnconfig_policy_e2e_test.cpp	burnconfig_policy_e2e_test	14-04	migrated
GetOutTransactions	GetOutTransactions@185	test/src/account/burnconfig_policy_e2e_test.cpp	burnconfig_policy_e2e_test	14-04	migrated
PayEscrow	PayEscrow@181	test/src/account/burnconfig_policy_e2e_test.cpp	burnconfig_policy_e2e_test	14-04	migrated
PayEscrow	PayEscrow@254	test/src/account/burnconfig_policy_e2e_test.cpp	burnconfig_policy_e2e_test	14-04	migrated
PayEscrow	PayEscrow@422	test/src/account/burnconfig_policy_e2e_test.cpp	burnconfig_policy_e2e_test	14-04	migrated
Stop	Stop@95	test/src/account/burnconfig_policy_e2e_test.cpp	burnconfig_policy_e2e_test	14-04	migrated
GetOutTransactions	GetOutTransactions@144	test/src/account/transaction_manager_pending_lifecycle_test.cpp	transaction_manager_pending_lifecycle_test	14-04	migrated
GetState	GetState@313	test/src/account/transaction_manager_pending_lifecycle_test.cpp	transaction_manager_pending_lifecycle_test	14-04	migrated
GetState	GetState@318	test/src/account/transaction_manager_pending_lifecycle_test.cpp	transaction_manager_pending_lifecycle_test	14-04	migrated
GetState	GetState@345	test/src/account/transaction_manager_pending_lifecycle_test.cpp	transaction_manager_pending_lifecycle_test	14-04	migrated
GetTransactionStatusByTxId	GetTransactionStatusByTxId@264	test/src/account/transaction_manager_pending_lifecycle_test.cpp	transaction_manager_pending_lifecycle_test	14-04	migrated
GetTransactionStatusByTxId	GetTransactionStatusByTxId@269	test/src/account/transaction_manager_pending_lifecycle_test.cpp	transaction_manager_pending_lifecycle_test	14-04	migrated
GetTransactionStatusByTxId	GetTransactionStatusByTxId@283	test/src/account/transaction_manager_pending_lifecycle_test.cpp	transaction_manager_pending_lifecycle_test	14-04	migrated
GetTransactionStatusByTxId	GetTransactionStatusByTxId@288	test/src/account/transaction_manager_pending_lifecycle_test.cpp	transaction_manager_pending_lifecycle_test	14-04	migrated
GetTransactionStatusByTxId	GetTransactionStatusByTxId@314	test/src/account/transaction_manager_pending_lifecycle_test.cpp	transaction_manager_pending_lifecycle_test	14-04	migrated
GetTransactionStatusByTxId	GetTransactionStatusByTxId@328	test/src/account/transaction_manager_pending_lifecycle_test.cpp	transaction_manager_pending_lifecycle_test	14-04	migrated
GetTransactionStatusByTxId	GetTransactionStatusByTxId@338	test/src/account/transaction_manager_pending_lifecycle_test.cpp	transaction_manager_pending_lifecycle_test	14-04	migrated
GetTransactionStatusByTxId	GetTransactionStatusByTxId@346	test/src/account/transaction_manager_pending_lifecycle_test.cpp	transaction_manager_pending_lifecycle_test	14-04	migrated
GetTransactionStatusByTxId	GetTransactionStatusByTxId@438	test/src/account/transaction_manager_pending_lifecycle_test.cpp	transaction_manager_pending_lifecycle_test	14-04	migrated
GetTransactionStatusByTxId	GetTransactionStatusByTxId@460	test/src/account/transaction_manager_pending_lifecycle_test.cpp	transaction_manager_pending_lifecycle_test	14-04	migrated
MigrationFunds	MigrationFunds@441	test/src/account/transaction_manager_pending_lifecycle_test.cpp	transaction_manager_pending_lifecycle_test	14-04	migrated
MigrationFunds	MigrationFunds@463	test/src/account/transaction_manager_pending_lifecycle_test.cpp	transaction_manager_pending_lifecycle_test	14-04	migrated
RegisterTopicNames	RegisterTopicNames@87	test/src/account/transaction_manager_pending_lifecycle_test.cpp	transaction_manager_pending_lifecycle_test	14-04	migrated
Stop	Stop@98	test/src/account/transaction_manager_pending_lifecycle_test.cpp	transaction_manager_pending_lifecycle_test	14-04	migrated
GetPublicChainInputValidator	GetPublicChainInputValidator@55	test/src/bridge_race/bridge_race_fault_rpc_test.cpp	bridge_race_fault_rpc_test	14-04	migrated
GetTransactionManager	GetTransactionManager@50	test/src/bridge_race/bridge_race_fault_rpc_test.cpp	bridge_race_fault_rpc_test	14-04	migrated
CountTransactions	CountTransactions@1000	test/src/multiaccount/multi_account_sync.cpp	multi_account_test	14-05	migrated
CountTransactions	CountTransactions@562	test/src/multiaccount/multi_account_sync.cpp	multi_account_test	14-05	migrated
CountTransactions	CountTransactions@598	test/src/multiaccount/multi_account_sync.cpp	multi_account_test	14-05	migrated
CountTransactions	CountTransactions@620	test/src/multiaccount/multi_account_sync.cpp	multi_account_test	14-05	migrated
CountTransactions	CountTransactions@883	test/src/multiaccount/multi_account_sync.cpp	multi_account_test	14-05	migrated
CountTransactions	CountTransactions@884	test/src/multiaccount/multi_account_sync.cpp	multi_account_test	14-05	migrated
CountTransactions	CountTransactions@885	test/src/multiaccount/multi_account_sync.cpp	multi_account_test	14-05	migrated
CountTransactions	CountTransactions@999	test/src/multiaccount/multi_account_sync.cpp	multi_account_test	14-05	migrated
GetState	GetState@321	test/src/multiaccount/multi_account_sync.cpp	multi_account_test	14-05	migrated
GetState	GetState@322	test/src/multiaccount/multi_account_sync.cpp	multi_account_test	14-05	migrated
GetState	GetState@323	test/src/multiaccount/multi_account_sync.cpp	multi_account_test	14-05	migrated
GetState	GetState@328	test/src/multiaccount/multi_account_sync.cpp	multi_account_test	14-05	migrated
GetState	GetState@399	test/src/multiaccount/multi_account_sync.cpp	multi_account_test	14-05	migrated
GetState	GetState@405	test/src/multiaccount/multi_account_sync.cpp	multi_account_test	14-05	migrated
GetState	GetState@410	test/src/multiaccount/multi_account_sync.cpp	multi_account_test	14-05	migrated
GetState	GetState@414	test/src/multiaccount/multi_account_sync.cpp	multi_account_test	14-05	migrated
GetState	GetState@415	test/src/multiaccount/multi_account_sync.cpp	multi_account_test	14-05	migrated
GetState	GetState@426	test/src/multiaccount/multi_account_sync.cpp	multi_account_test	14-05	migrated
GetState	GetState@431	test/src/multiaccount/multi_account_sync.cpp	multi_account_test	14-05	migrated
GetState	GetState@432	test/src/multiaccount/multi_account_sync.cpp	multi_account_test	14-05	migrated
GetState	GetState@681	test/src/multiaccount/multi_account_sync.cpp	multi_account_test	14-05	migrated
RegisterTopicNames	RegisterTopicNames@132	test/src/multiaccount/multi_account_sync.cpp	multi_account_test	14-05	migrated
Start	Start@352	test/src/multiaccount/multi_account_sync.cpp	multi_account_test	14-05	migrated
TransferFunds	TransferFunds@1156	test/src/multiaccount/multi_account_sync.cpp	multi_account_test	14-05	migrated
TransferFunds	TransferFunds@1166	test/src/multiaccount/multi_account_sync.cpp	multi_account_test	14-05	migrated
TransferFunds	TransferFunds@1176	test/src/multiaccount/multi_account_sync.cpp	multi_account_test	14-05	migrated
TransferFunds	TransferFunds@1253	test/src/multiaccount/multi_account_sync.cpp	multi_account_test	14-05	migrated
TransferFunds	TransferFunds@1259	test/src/multiaccount/multi_account_sync.cpp	multi_account_test	14-05	migrated
TransferFunds	TransferFunds@1267	test/src/multiaccount/multi_account_sync.cpp	multi_account_test	14-05	migrated
TransferFunds	TransferFunds@753	test/src/multiaccount/multi_account_sync.cpp	multi_account_test	14-05	migrated
TransferFunds	TransferFunds@930	test/src/multiaccount/multi_account_sync.cpp	multi_account_test	14-05	migrated
TransferFunds	TransferFunds@935	test/src/multiaccount/multi_account_sync.cpp	multi_account_test	14-05	migrated
WaitForTransactionIncoming	WaitForTransactionIncoming@944	test/src/multiaccount/multi_account_sync.cpp	multi_account_test	14-05	migrated
GetOutTransactions	GetOutTransactions@173	test/src/multiaccount/policy_lifetime_multi_account_test.cpp	policy_lifetime_multi_account_test	14-05	migrated
GetState	GetState@296	test/src/multiaccount/policy_lifetime_multi_account_test.cpp	policy_lifetime_multi_account_test	14-05	migrated
GetState	GetState@297	test/src/multiaccount/policy_lifetime_multi_account_test.cpp	policy_lifetime_multi_account_test	14-05	migrated
GetState	GetState@298	test/src/multiaccount/policy_lifetime_multi_account_test.cpp	policy_lifetime_multi_account_test	14-05	migrated
GetState	GetState@472	test/src/multiaccount/policy_lifetime_multi_account_test.cpp	policy_lifetime_multi_account_test	14-05	migrated
GetState	GetState@473	test/src/multiaccount/policy_lifetime_multi_account_test.cpp	policy_lifetime_multi_account_test	14-05	migrated
GetState	GetState@488	test/src/multiaccount/policy_lifetime_multi_account_test.cpp	policy_lifetime_multi_account_test	14-05	migrated
GetState	GetState@620	test/src/multiaccount/policy_lifetime_multi_account_test.cpp	policy_lifetime_multi_account_test	14-05	migrated
GetState	GetState@621	test/src/multiaccount/policy_lifetime_multi_account_test.cpp	policy_lifetime_multi_account_test	14-05	migrated
GetState	GetState@622	test/src/multiaccount/policy_lifetime_multi_account_test.cpp	policy_lifetime_multi_account_test	14-05	migrated
GetState	GetState@642	test/src/multiaccount/policy_lifetime_multi_account_test.cpp	policy_lifetime_multi_account_test	14-05	migrated
PayEscrow	PayEscrow@170	test/src/multiaccount/policy_lifetime_multi_account_test.cpp	policy_lifetime_multi_account_test	14-05	migrated
Start	Start@347	test/src/multiaccount/policy_lifetime_multi_account_test.cpp	policy_lifetime_multi_account_test	14-05	migrated
Start	Start@597	test/src/multiaccount/policy_lifetime_multi_account_test.cpp	policy_lifetime_multi_account_test	14-05	migrated
Start	Start@770	test/src/multiaccount/policy_lifetime_multi_account_test.cpp	policy_lifetime_multi_account_test	14-05	migrated
Stop	Stop@130	test/src/multiaccount/policy_lifetime_multi_account_test.cpp	policy_lifetime_multi_account_test	14-05	migrated
Stop	Stop@318	test/src/multiaccount/policy_lifetime_multi_account_test.cpp	policy_lifetime_multi_account_test	14-05	migrated
Stop	Stop@859	test/src/multiaccount/policy_lifetime_multi_account_test.cpp	policy_lifetime_multi_account_test	14-05	migrated
Stop	Stop@864	test/src/multiaccount/policy_lifetime_multi_account_test.cpp	policy_lifetime_multi_account_test	14-05	migrated
